Source ID,RA,Dec,FWHM,Ambiguous Ties
id0001,330d40m48.54s,42d16m39.36s,5.829 arcsec,None found
id0002,250d44m42.15s,39d48m36.99s,3.482998708010096 arcsec,None found
id0003,254d30m21.29s,34d43m28.4s,3.4784999640649708 arcsec,None found
id0004,194d02m46.85s,-5d47m22.16s,3.9450844097433455 arcsec,None found
id0005,343d29m26.22s,16d08m53.56s,3.4599421960489454 arcsec,None found
